rank,cluster_id,centroid_x_m,centroid_y_m,centroid_latitude,centroid_longitude,pickup_count,area_km2,pickup_per_km2
1,0,-1078.2759,920.0227,40.7467,-73.9865,63072,37.5853,1678.102
2,1,1460.7971,-2513.4918,40.7159,-73.9564,3217,4.4272,726.6502
3,8,-1618.5949,-5310.4645,40.6907,-73.9929,1742,3.1796,547.8707
4,9,-415.4933,-6999.1773,40.6755,-73.9787,733,2.0194,362.9855
5,20,351.1537,-5970.154,40.6848,-73.9696,593,1.6587,357.5099
6,25,16161.6875,-10402.1437,40.6448,-73.7822,430,0.0399,10771.8488
7,3,-1162.3929,-3976.0282,40.7027,-73.9875,425,0.2974,1428.9619
8,26,1479.5267,-719.2418,40.732,-73.9562,325,0.6032,538.7998
9,7,8533.7082,3953.7231,40.774,-73.8724,312,0.0224,13941.9507
10,6,1417.3406,765.1246,40.7454,-73.9569,280,0.2452,1141.9342
11,19,-3550.8312,-7003.4026,40.6755,-74.0158,242,0.1206,2006.0262
12,37,754.2975,-7147.4564,40.6742,-73.9648,221,0.3766,586.8356
13,46,-405.0886,-6131.6885,40.6833,-73.9785,206,0.2887,713.4463
14,5,15583.5211,-10664.5006,40.6424,-73.789,193,0.0449,4294.6718
15,11,9225.1348,3468.6936,40.7696,-73.8642,173,0.0739,2340.0774
16,73,-3120.3488,-7385.0246,40.6721,-74.0107,167,0.0603,2767.3833
17,22,15520.7794,-10209.6701,40.6465,-73.7898,164,0.0402,4074.9144
18,47,2271.979,784.5229,40.7455,-73.9468,145,0.0505,2871.8607
19,16,-17226.544,-4811.2529,40.695,-74.1781,140,0.0305,4588.0813
20,52,16090.314,-9995.4196,40.6484,-73.783,136,0.0115,11786.4072
21,45,-802.9261,-4789.5399,40.6954,-73.9833,135,0.1052,1283.4949
22,24,-609.9652,-8209.8604,40.6646,-73.981,129,0.2775,464.8369
23,27,309.2156,-5062.2859,40.693,-73.9701,121,0.1842,657.007
24,17,16609.5796,-10266.575,40.646,-73.7769,114,0.0184,6184.1029
25,48,1425.5049,-7266.6423,40.6731,-73.9568,112,0.2191,511.1647
26,96,-931.3338,-3117.6788,40.7104,-73.9848,102,0.034,2998.11
27,28,-75.1593,-195.3376,40.7367,-73.9746,95,0.0982,967.1103
28,31,-1249.2337,-7434.8264,40.6716,-73.9885,94,0.1492,629.8258
29,93,10967.367,698.5589,40.7447,-73.8435,85,0.0241,3523.8644
30,122,10153.0926,970.335,40.7471,-73.8532,84,0.0212,3967.9177
31,13,-2102.5837,-6932.7935,40.6761,-73.9987,81,0.0992,816.4448
32,30,1253.2621,-5672.2266,40.6875,-73.9589,81,0.1454,557.0275
33,67,-189.74,-7828.7499,40.6681,-73.976,76,0.1308,581.1271
34,4,4840.5876,3818.1595,40.7728,-73.9162,74,0.029,2553.4645
35,21,1392.0786,-1423.0466,40.7257,-73.9572,72,0.048,1499.3163
36,50,3654.7982,-4444.6381,40.6985,-73.9304,67,0.0979,684.2901
37,36,3374.6609,-3727.7532,40.7049,-73.9337,64,0.0567,1129.5361
38,32,-362.9282,-7481.1683,40.6712,-73.978,64,0.1105,579.09
39,102,1808.3499,647.2195,40.7443,-73.9523,64,0.1192,536.9002
40,74,-17184.2847,-5251.9387,40.6911,-74.1775,61,0.0126,4837.6109
41,61,1705.208,-5442.5068,40.6895,-73.9535,58,0.0838,692.3876
42,95,3868.3096,10209.7359,40.8303,-73.9278,57,0.0609,935.9033
43,69,10829.6591,1839.0805,40.7549,-73.8452,56,0.0563,994.85
44,15,4095.9692,1864.451,40.7552,-73.9251,56,0.0529,1059.1752
45,49,-1227.1477,-8771.0014,40.6596,-73.9883,54,0.0376,1437.5151
46,54,-17566.2792,-5605.7163,40.6879,-74.1821,54,0.0085,6364.1902
47,44,4130.1407,9864.7722,40.8272,-73.9246,51,0.0591,862.5116
48,60,-569.073,-8629.1683,40.6609,-73.9805,51,0.0768,663.9222
49,2,-2466.2525,-6023.9835,40.6843,-74.003,51,0.0746,683.3414
50,66,-1223.1788,-8304.9909,40.6638,-73.9882,47,0.0697,674.4637
51,53,1222.6368,-6889.9763,40.6765,-73.9592,47,0.0496,947.4876
52,78,2767.993,-1401.3338,40.7259,-73.9409,46,0.0715,643.406
53,10,2643.6171,-1942.3665,40.721,-73.9424,46,0.0719,639.5889
54,120,3994.2338,5981.0418,40.7923,-73.9263,43,0.0031,13712.3177
55,82,2836.2007,1342.082,40.7505,-73.9401,41,0.0501,818.1689
56,77,2886.4912,-2754.2113,40.7137,-73.9395,41,0.0541,757.543
57,56,3977.6958,-3914.6807,40.7033,-73.9265,39,0.0603,646.5763
58,43,2352.5665,-1470.3701,40.7252,-73.9458,38,0.05,760.1484
59,65,1754.0667,5876.2298,40.7913,-73.9529,38,0.0223,1705.6325
60,40,-3140.302,-6582.7911,40.6793,-74.011,37,0.0429,861.5579
61,83,1200.4934,-5235.7974,40.6914,-73.9595,37,0.0371,996.6293
62,33,2421.0249,7780.3191,40.8084,-73.945,37,0.0409,903.6826
63,12,3465.3631,6332.6819,40.7954,-73.9326,34,0.0355,957.1356
64,62,-567.0079,-5417.1612,40.6898,-73.9805,34,0.0187,1817.8314
65,94,2803.726,-1664.1299,40.7235,-73.9405,33,0.0521,633.3981
66,34,1220.3068,8497.6449,40.8149,-73.9592,33,0.0375,879.4404
67,76,-1243.3856,-7038.7259,40.6752,-73.9885,32,0.0143,2245.0575
68,42,2250.3486,-1879.3909,40.7216,-73.947,32,0.0376,851.5891
69,88,2856.7532,-2520.9848,40.7158,-73.9398,31,0.0258,1200.6758
70,97,1016.9767,6506.4499,40.797,-73.9616,30,0.0399,752.3663
71,29,3778.7945,-3820.4404,40.7041,-73.9289,30,0.0458,654.5185
72,87,2628.2936,1124.207,40.7486,-73.9425,29,0.005,5841.4368
73,101,8966.234,3316.6504,40.7683,-73.8673,29,0.0093,3128.1694
74,112,4626.2112,2987.1277,40.7653,-73.9188,29,0.0382,759.0108
75,23,-725.7785,-2622.7676,40.7149,-73.9823,28,0.02,1402.6847
76,89,627.7771,-5333.9472,40.6905,-73.9663,28,0.017,1650.0706
77,41,1261.7668,7957.502,40.81,-73.9587,28,0.0481,582.1
78,57,-1373.3901,-6659.4489,40.6786,-73.99,28,0.0035,7962.8603
79,72,-1344.329,-8052.3323,40.6661,-73.9897,27,0.0467,578.6748
80,98,-419.3728,-2764.9176,40.7136,-73.9787,27,0.0251,1074.9845
81,115,63.5982,227.5447,40.7405,-73.973,26,0.0249,1045.3408
82,79,1058.1578,-4955.7741,40.6939,-73.9612,26,0.0296,877.6692
83,81,-3965.0091,-13462.0571,40.6174,-74.0207,26,0.0159,1639.2072
84,84,1632.7863,-5110.0596,40.6925,-73.9544,26,0.0364,714.7892
85,39,-1792.2446,-2920.2867,40.7122,-73.995,25,0.0329,758.8873
86,92,1065.8456,-8628.285,40.6609,-73.9611,25,0.0317,788.5889
87,75,493.436,-4692.601,40.6963,-73.9679,24,0.0187,1283.3036
88,85,4275.548,6067.8168,40.793,-73.9229,23,0.0149,1545.3354
89,80,793.3858,-4917.0193,40.6943,-73.9643,23,0.025,918.8901
90,114,-717.0967,-7708.9867,40.6691,-73.9822,23,0.0272,844.2364
91,70,1590.4459,7390.6518,40.8049,-73.9548,22,0.0256,857.9097
92,100,7383.2542,13208.2977,40.8572,-73.8859,21,0.0241,872.0735
93,35,2873.2795,12525.2852,40.8511,-73.9396,21,0.0169,1240.5394
94,111,-1199.1934,-4677.5617,40.6964,-73.988,21,0.025,839.0157
95,107,1000.5919,-9292.1809,40.6549,-73.9619,21,0.0221,950.6442
96,109,1672.779,6876.2923,40.8003,-73.9539,20,0.0256,781.2891
97,68,7418.5525,3863.1073,40.7732,-73.8856,20,0.0017,11866.3927
98,38,11539.274,5481.8332,40.7877,-73.8367,20,0.005,4030.9904
99,64,3568.1157,-4819.0757,40.6951,-73.9314,20,0.0202,992.2973
100,99,13863.4986,15019.7058,40.8734,-73.8088,20,0.0039,5093.2842
101,105,1764.0026,7871.3035,40.8093,-73.9528,19,0.0187,1015.13
102,55,2906.5749,7414.0096,40.8051,-73.9392,19,0.0185,1025.321
103,71,1117.7178,-5935.1362,40.6851,-73.9605,18,0.0195,925.2117
104,108,3363.7175,-4811.3878,40.6952,-73.9338,17,0.0092,1850.4435
105,106,2415.0815,7133.1944,40.8026,-73.945,17,0.011,1552.4538
106,119,1901.7748,-6882.0956,40.6766,-73.9512,17,0.0166,1021.3692
107,58,10871.6424,2170.379,40.7579,-73.8447,17,0.003,5672.3252
108,103,1815.4149,-630.9999,40.7328,-73.9522,17,0.0111,1524.7534
109,90,3177.9432,13158.9409,40.8568,-73.9359,17,0.0154,1101.7277
110,86,2592.6725,-5136.7796,40.6923,-73.943,17,0.0086,1971.0308
111,59,4494.3834,3408.4818,40.7691,-73.9204,17,0.0195,870.7195
112,51,7176.0069,12902.7273,40.8545,-73.8884,17,0.0088,1933.815
113,18,-2956.4532,-9199.5919,40.6557,-74.0088,16,0.0153,1046.4785
114,14,924.6588,6251.1062,40.7947,-73.9627,16,0.0109,1473.5492
115,123,4370.3279,-3445.388,40.7075,-73.9219,15,0.0111,1350.5351
116,117,1719.3407,-6955.7905,40.6759,-73.9533,15,0.0138,1084.4908
117,118,2837.353,6793.4369,40.7996,-73.94,15,0.0187,801.2995
118,63,-1882.8861,-3166.9689,40.71,-73.9961,15,0.0057,2623.6784
119,113,528.8952,-3437.7636,40.7076,-73.9675,15,0.0059,2540.303
120,110,1724.7786,-1341.1864,40.7264,-73.9533,15,0.0184,816.7547
121,104,11752.0747,2165.4031,40.7579,-73.8342,15,0.0082,1820.001
122,125,2732.3353,937.1305,40.7469,-73.9413,15,0.0085,1759.7014
123,116,1676.458,462.6489,40.7426,-73.9538,14,0.0095,1479.6802
124,91,1533.819,-3232.1697,40.7094,-73.9555,13,0.0053,2433.4039
125,124,-2349.6572,-6401.0112,40.6809,-74.0016,13,0.0066,1966.5883
126,121,1010.8021,-5808.3895,40.6862,-73.9617,5,0.0028,1777.6356
